0.1,0.1,25,44,21.875,31.25,32.710402651634915,8.55,72.23,56,22628372,123432,0.01535100769251585
0.1,0.2,25,32,21.875,50.0,50.94911521310117,8.55,72.14,74,16889876,89976,0.009260324761271477
0.1,0.3,25,24,21.875,62.5,63.10825692074533,10.75,71.6,100,13064212,67672,0.011600102297961712
0.1,0.4,25,16,21.875,75.0,75.2673986283895,10.1,69.36,72,9238548,45368,0.013427669182419777
0.1,0.5,25,7,21.875,89.0625,88.94643304948919,14.3,65.21,98,4934676,20276,0.0169211532920599
0.1,0.6,25,5,21.875,92.1875,91.98621847640023,7.66,61.86,87,3978260,14700,0.026054900139570236
0.1,0.7,25,3,21.875,95.3125,95.02600390331128,10.02,49.98,45,3021844,9124,0.007904479280114174
0.1,0.8,25,2,21.875,96.875,96.5458966167668,11.41,46.94,86,2543636,6336,0.025238780304789543
0.1,0.9,25,2,21.875,96.875,96.5458966167668,11.41,45.8,79,2543636,6336,0.016495738178491592
0.2,0.1,21,44,34.375,31.25,33.63934712212567,9.32,70.7,35,19130388,121728,0.01252296008169651
0.2,0.2,21,32,34.375,50.0,51.64255263473512,9.23,72.84,104,14276628,88704,0.010048182681202888
0.2,0.3,21,24,34.375,62.5,63.644689643141405,11.52,70.21,66,11040788,66688,0.014817161485552788
0.2,0.4,21,16,34.375,75.0,75.6468266515477,10.2,68.28,63,7804948,44672,0.014449253678321838
0.2,0.5,21,7,34.375,89.0625,89.14923078600478,12.87,63.58,69,4164628,19904,0.021386997774243355
0.2,0.6,21,5,34.375,92.1875,92.14976503810635,9.51,61.48,150,3355668,14400,0.016983866691589355
0.2,0.7,21,3,34.375,95.3125,95.15029929020791,11.03,51.23,66,2546708,8896,0.019051387906074524
0.2,0.8,21,2,34.375,96.875,96.65056641625871,12.36,45.82,75,2142228,6144,0.0194969791918993
0.2,0.9,21,2,34.375,96.875,96.65056641625871,12.36,46.04,67,2142228,6144,0.016932539641857147
0.3,0.1,16,44,50.0,31.25,34.8005277102391,9.98,70.91,47,14757908,119598,0.012041202746331692
0.3,0.2,16,32,50.0,50.0,52.50934941177754,8.78,71.11,92,11010068,87114,0.011698952876031399
0.3,0.3,16,24,50.0,62.5,64.31523054613648,9.34,69.54,58,8511508,65458,0.01301314402371645
0.3,0.4,16,16,50.0,75.0,76.12111168049543,9.72,67.72,78,6012948,43802,0.008521410636603832
0.3,0.5,16,7,50.0,89.0625,89.40272795664926,9.74,64.27,129,3202068,19439,0.019785083830356598
0.3,0.6,16,5,50.0,92.1875,92.354198240239,10.0,60.08,126,2577428,14025,0.01817210577428341
0.3,0.7,16,3,50.0,95.3125,95.30566852382873,11.42,48.86,45,1952788,8611,0.018710559234023094
0.3,0.8,16,2,50.0,96.875,96.7814036656236,12.95,46.83,72,1640468,5904,0.024376852437853813
0.3,0.9,16,2,50.0,96.875,96.7814036656236,12.95,46.69,64,1640468,5904,0.026823537424206734
0.4,0.1,13,44,59.375,31.25,35.49723606310716,9.6,71.69,65,12134420,118320,0.01185699924826622
0.4,0.2,13,32,59.375,50.0,53.02942747800299,9.08,71.66,101,9050132,86160,0.008205883204936981
0.4,0.3,13,24,59.375,62.5,64.71755508793353,9.5,68.79,66,6993940,64720,0.014103390276432037
0.4,0.4,13,16,59.375,75.0,76.40568269786408,8.91,66.86,63,4937748,43280,0.014465291053056717
0.4,0.5,13,7,59.375,89.0625,89.55482625903595,9.87,62.28,80,2624532,19160,0.01581096090376377
0.4,0.6,13,5,59.375,92.1875,92.47685816151858,9.97,57.76,68,2110484,13800,0.026261640712618828
0.4,0.7,13,3,59.375,95.3125,95.39889006400122,12.34,50.88,66,1596436,8440,0.015258898958563805
0.4,0.8,13,2,59.375,96.875,96.85990601524253,13.46,46.46,73,1339412,5760,0.019213372841477394
0.4,0.9,13,2,59.375,96.875,96.85990601524253,13.46,46.42,79,1339412,5760,0.013831594958901405
0.5,0.1,9,44,71.875,31.25,36.426180533597915,9.47,70.67,66,8636436,116616,0.013942443765699863
0.5,0.2,9,32,71.875,50.0,53.722864899636924,9.35,70.03,88,6436884,84888,0.00718575669452548
0.5,0.3,9,24,71.875,62.5,65.2539878103296,12.43,68.66,81,4970516,63736,0.01163415890187025
0.5,0.4,9,16,71.875,75.0,76.78511072102228,9.54,66.36,58,3504148,42584,0.018333345651626587
0.5,0.5,9,7,71.875,89.0625,89.75762399555154,13.06,62.95,148,1854484,18788,0.02392442338168621
0.5,0.6,9,5,71.875,92.1875,92.6404047232247,10.0,60.44,142,1487892,13500,0.025490377098321915
0.5,0.7,9,3,71.875,95.3125,95.52318545089787,10.0,47.71,64,1121300,8212,0.016053559258580208
0.5,0.8,9,2,71.875,96.875,96.96457581473446,10.0,43.06,48,938004,5568,0.012081015855073929
0.5,0.9,9,2,71.875,96.875,96.96457581473446,10.0,43.76,71,938004,5568,0.0149617874994874
0.6,0.1,8,44,75.0,31.25,36.658416651220605,9.36,69.11,49,7761940,116190,0.011135906912386417
0.6,0.2,8,32,75.0,50.0,53.89622425504541,9.22,69.08,58,5783572,84570,0.01755501888692379
0.6,0.3,8,24,75.0,62.5,65.38809599092862,12.57,68.32,77,4464660,63490,0.01348679419606924
0.6,0.4,8,16,75.0,75.0,76.87996772681183,9.51,66.36,64,3145748,42410,0.02067697048187256
0.6,0.5,8,7,75.0,89.0625,89.80832342968043,12.49,61.47,87,1661972,18695,0.02131948247551918
0.6,0.6,8,5,75.0,92.1875,92.68129136365123,10.0,56.74,93,1332244,13425,0.013653977774083614
0.6,0.7,8,3,75.0,95.3125,95.55425929762204,10.06,50.05,117,1002516,8155,0.01662491448223591
0.6,0.8,8,2,75.0,96.875,96.99074326460743,10.03,44.28,92,837652,5520,0.011259703896939754
0.6,0.9,8,2,75.0,96.875,96.99074326460743,10.03,43.99,77,837652,5520,0.024213330820202827
0.7,0.1,7,44,78.125,31.25,36.89065276884329,9.92,71.0,104,6887444,115764,0.013544635847210884
0.7,0.2,7,32,78.125,50.0,54.0695836104539,8.62,70.2,115,5130260,84252,0.01395205594599247
0.7,0.3,7,24,78.125,62.5,65.52220417152763,12.8,68.86,93,3958804,63244,0.014605430886149406
0.7,0.4,7,16,78.125,75.0,76.97482473260138,9.87,67.41,128,2787348,42236,0.012458989396691322
0.7,0.5,7,7,78.125,89.0625,89.85902286380933,12.5,60.95,107,1469460,18602,0.018409572541713715
0.7,0.6,7,5,78.125,92.1875,92.72217800407776,10.0,54.3,36,1176596,13350,0.030767694115638733
0.7,0.7,7,3,78.125,95.3125,95.5853331443462,10.09,49.93,106,883732,8098,0.01712498441338539
0.7,0.8,7,2,78.125,96.875,97.0169107144804,10.06,44.35,95,737300,5472,0.008937079459428787
0.7,0.9,7,2,78.125,96.875,97.0169107144804,10.06,44.51,81,737300,5472,0.010342691093683243
0.8,0.1,5,44,84.375,31.25,37.35512500408866,10.0,68.52,69,5138452,114912,0.013391277752816677
0.8,0.2,5,32,84.375,50.0,54.41630232127086,10.12,67.43,61,3823636,83616,0.012732377275824547
0.8,0.3,5,24,84.375,62.5,65.79042053272566,10.94,68.29,118,2947092,62752,0.013276102021336555
0.8,0.4,5,16,84.375,75.0,77.16453874418046,10.1,65.0,95,2070548,41888,0.014440227299928665
0.8,0.5,5,7,84.375,89.0625,89.96042173206712,12.37,60.79,92,1084436,18416,0.025017838925123215
0.8,0.6,5,5,84.375,92.1875,92.80395128493082,10.0,55.02,78,865300,13200,0.021622763946652412
0.8,0.7,5,3,84.375,95.3125,95.64748083779452,10.16,44.49,59,646164,7984,0.020710334181785583
0.8,0.8,5,2,84.375,96.875,97.06924561422638,10.13,43.76,160,536596,5376,0.013162336312234402
0.8,0.9,5,2,84.375,96.875,97.06924561422638,10.13,34.38,36,536596,5376,0.06783873587846756
0.9,0.1,1,44,96.875,31.25,38.28406947457941,9.24,63.26,110,1640468,113208,0.013450480066239834
0.9,0.2,1,32,96.875,50.0,55.10973974290481,10.11,60.04,51,1210388,82344,0.02725464664399624
0.9,0.3,1,24,96.875,62.5,66.32685325512173,9.39,61.34,95,923668,61768,0.022555703297257423
0.9,0.4,1,16,96.875,75.0,77.54396676733866,10.29,59.83,77,636948,41192,0.028279835358262062
0.9,0.5,1,7,96.875,89.0625,90.1632194685827,12.66,56.93,87,314388,18044,0.030557071790099144
0.9,0.6,1,5,96.875,92.1875,92.96749784663693,10.0,54.54,105,242708,12900,0.049101322889328
0.9,0.7,1,3,96.875,95.3125,95.77177622469118,10.0,46.96,94,171028,7756,0.02943645976483822
0.9,0.8,1,2,96.875,96.875,97.17391541371828,10.0,41.62,76,135188,5184,0.038510896265506744
0.9,0.9,1,2,96.875,96.875,97.17391541371828,10.0,41.61,68,135188,5184,0.045602504163980484
